{
  "total_streamlines": 4067,
  "VB": 7,
  "VS": 2797,
  "VS_ratio": 0.6877305138923039,
  "IS": 1270,
  "IS_ratio": 0.3122694861076961,
  "IB": 7,
  "IC": 714,
  "IC_ratio": 0.17555938037865748,
  "NC": 556,
  "NC_ratio": 0.1367101057290386,
  "bundle_wise": {
    "Ground_truth_bundle_0": {
      "VS": 146,
      "TP": 282,
      "FP": 0,
      "FN": 381,
      "OL": 0.4253393665158371,
      "OR_pct_vs": 0.0,
      "OR_pct_gt": 0.0,
      "f1": 0.5968253968253968,
      "endpoints_OL": 16,
      "endpoints_OR": 0
    },
    "Ground_truth_bundle_1": {
      "VS": 541,
      "TP": 359,
      "FP": 7,
      "FN": 310,
      "OL": 0.5366218236173393,
      "OR_pct_vs": 0.01912568306010929,
      "OR_pct_gt": 0.01046337817638266,
      "f1": 0.693719806763285,
      "endpoints_OL": 37,
      "endpoints_OR": 1
    },
    "Ground_truth_bundle_2": {
      "VS": 267,
      "TP": 215,
      "FP": 0,
      "FN": 318,
      "OL": 0.40337711069418386,
      "OR_pct_vs": 0.0,
      "OR_pct_gt": 0.0,
      "f1": 0.5748663101604278,
      "endpoints_OL": 14,
      "endpoints_OR": 0
    },
    "Ground_truth_bundle_3": {
      "VS": 557,
      "TP": 211,
      "FP": 7,
      "FN": 120,
      "OL": 0.6374622356495468,
      "OR_pct_vs": 0.03211009174311927,
      "OR_pct_gt": 0.021148036253776436,
      "f1": 0.7686703096539163,
      "endpoints_OL": 40,
      "endpoints_OR": 0
    },
    "Ground_truth_bundle_4": {
      "VS": 460,
      "TP": 285,
      "FP": 2,
      "FN": 261,
      "OL": 0.521978021978022,
      "OR_pct_vs": 0.006968641114982578,
      "OR_pct_gt": 0.003663003663003663,
      "f1": 0.6842737094837935,
      "endpoints_OL": 37,
      "endpoints_OR": 0
    },
    "Ground_truth_bundle_5": {
      "VS": 690,
      "TP": 392,
      "FP": 39,
      "FN": 256,
      "OL": 0.6049382716049383,
      "OR_pct_vs": 0.09048723897911833,
      "OR_pct_gt": 0.06018518518518518,
      "f1": 0.7265987025023168,
      "endpoints_OL": 45,
      "endpoints_OR": 0
    },
    "Ground_truth_bundle_6": {
      "VS": 136,
      "TP": 152,
      "FP": 8,
      "FN": 241,
      "OL": 0.38676844783715014,
      "OR_pct_vs": 0.05,
      "OR_pct_gt": 0.020356234096692113,
      "f1": 0.5497287522603979,
      "endpoints_OL": 16,
      "endpoints_OR": 0
    },
    "IB": {
      "FiberCupGroundTruth_filtered_bundle_0_head_FiberCupGroundTruth_filtered_bundle_1_tail": {
        "IC": 288,
        "nb_voxels": 264
      },
      "FiberCupGroundTruth_filtered_bundle_0_head_FiberCupGroundTruth_filtered_bundle_4_tail": {
        "IC": 4,
        "nb_voxels": 149
      },
      "FiberCupGroundTruth_filtered_bundle_0_tail_FiberCupGroundTruth_filtered_bundle_1_head": {
        "IC": 8,
        "nb_voxels": 174
      },
      "FiberCupGroundTruth_filtered_bundle_1_tail_FiberCupGroundTruth_filtered_bundle_4_head": {
        "IC": 3,
        "nb_voxels": 59
      },
      "FiberCupGroundTruth_filtered_bundle_1_tail_FiberCupGroundTruth_filtered_bundle_6_head": {
        "IC": 117,
        "nb_voxels": 176
      },
      "FiberCupGroundTruth_filtered_bundle_4_head_FiberCupGroundTruth_filtered_bundle_5_head": {
        "IC": 26,
        "nb_voxels": 166
      },
      "FiberCupGroundTruth_filtered_bundle_4_head_FiberCupGroundTruth_filtered_bundle_6_tail": {
        "IC": 268,
        "nb_voxels": 261
      }
    }
  },
  "mean_OL": 0.5023550396995738,
  "mean_OR_gt": 0.01654511962500572,
  "mean_OR_vs": 0.028384522128189926,
  "mean_f1": 0.6563832839499335,
  "tractogram_filename": "/home/local/USHERBROOKE/levj1404/Documents/TrackToLearn/datasets_phantoms/experiments/SAC_Auto_FiberCupTrainOracle/2023-11-23-21_34_57/1111/scoring_1.0_fibercup_33/tractogram_SAC_Auto_FiberCupTrainOracle_2023-11-23-21_34_57_fibercup.tck"
}